Ticker,Company
A,Agilent Technologies
AADI,Aadi Bioscience Inc
AAL,American Airlines Group
AAN,Aarons Company Inc (The)
AAON,AAON Inc.
AAP,Advance Auto Parts
AAPL,Apple
AAT,American Assets Trust Inc
ABBV,AbbVie
ABC,AmerisourceBergen
ABCB,Ameris Bancorp
ABCL,AbCellera Biologics Inc
ABG,Asbury Automotive Group Inc
ABM,ABM Industries Inc.
ABMD,Abiomed
ABR,Arbor Realty Trust Inc.
ABSI,Absci Corp
ABT,Abbott Laboratories
ABUS,Arbutus Biopharma Corp
AC,Associated Capital Group Inc
ACA,Arcosa Inc
ACAD,Acadia Pharmaceuticals Inc
ACCD,Accolade Inc
ACCO,Acco Brands Corporation
ACEL,Accel Entertainment Inc
ACET,Adicet Bio Inc
ACHR,Archer Aviation Inc
ACIW,ACI Worldwide Inc
ACLS,Axcelis Technologies Inc
ACLX,Arcellx Inc
ACMR,ACM Research Inc
ACN,Accenture
ACNB,ACNB Corp.
ACRE,Ares Commercial Real Estate Corp
ACRS,Aclaris Therapeutics Inc
ACRV,Acrivon Therapeutics Inc
ACT,Enact Holdings Inc
ACVA,ACV Auctions Inc
ADBE,Adobe
ADC,Agree Realty Corp.
ADEA,Adeia Inc
ADI,Analog Devices
ADM,ADM
ADMA,Adma Biologics Inc
ADNT,Adient plc
ADP,Automatic Data Processing
ADPT,Adaptive Biotechnologies Corp
ADSK,Autodesk
ADTH,AdTheorent Holding Company Inc
ADTN,ADTRAN Holdings Inc
ADUS,Addus HomeCare Corporation
ADV,Advantage Solutions Inc.
AEE,Ameren Corp
AEIS,Advanced Energy Industries Inc.
AEL,American Equity Investment Life Holding Co
AEO,American Eagle Outfitters Inc.
AEP,American Electric Power
AES,AES Corp
AEVA,Aeva Technologies Inc
AFCG,AFC Gamma Inc
AFL,Aflac
AFMD,Affimed N.V.
AGEN,Agenus Inc
AGIO,Agios Pharmaceuticals Inc
AGM,Federal Agricultural Mortgage Corp.
AGTI,Agiliti Inc
AGX,"Argan, Inc."
AGYS,"Agilysys, Inc"
AHCO,AdaptHealth Corp
AHH,Armada Hoffler Properties Inc
AHT,Ashford Hospitality Trust Inc
AI,C3.ai Inc
AIG,American International Group
AIN,Albany International Corp.
AIP,Arteris Inc
AIR,AAR Corp.
AIRS,Airsculpt Technologies Inc
AIT,Applied Industrial Technologies Inc.
AIV,Apartment Investment & Management Co.
AIZ,Assurant
AJG,Arthur J. Gallagher & Co.
AJRD,Aerojet Rocketdyne Holdings Inc
AKA,a.k.a. Brands Holding Corp
AKAM,Akamai Technologies
AKR,Acadia Realty Trust
AKRO,Akero Therapeutics Inc
AKTS,Akoustis Technologies Inc
AKYA,Akoya Biosciences Inc
ALB,Albemarle Corporation
ALCO,Alico Inc.
ALE,"Allete, Inc."
ALEC,Alector Inc
ALEX,Alexander & Baldwin Inc.
ALG,Alamo Group Inc.
ALGN,Align Technology
ALGT,Allegiant Travel
ALHC,Alignment Healthcare Inc
ALIT,Alight Inc.
ALK,Alaska Air Group
ALKS,Alkermes plc
ALKT,Alkami Technology Inc
ALL,Allstate Corp
ALLE,Allegion
ALLO,Allogene Therapeutics Inc
ALPN,Alpine Immune Sciences Inc
ALRM,Alarm.com Holdings Inc
ALRS,Alerus Financial Corp
ALTG,Alta Equipment Group Inc
ALTO,Alto Ingredients Inc
ALTR,Altair Engineering Inc
ALVR,AlloVir Inc
ALX,Alexander`s Inc.
ALXO,Alx Oncology Holdings Inc
AMAL,Amalgamated Financial Corp
AMAT,Applied Materials
AMBA,Ambarella Inc
AMBC,AMBAC Financial Group Inc.
AMCR,Amcor
AMCX,AMC Networks Inc
AMD,Advanced Micro Devices
AME,Ametek
AMEH,Apollo Medical Holdings Inc
AMGN,Amgen
AMK,Assetmark Financial Holdings Inc
AMKR,AMKOR Technology Inc.
AMLX,Amylyx Pharmaceuticals Inc
AMN,AMN Healthcare Services Inc.
AMNB,American National Bankshares Inc.
AMOT,Allied Motion Technologies Inc
AMP,Ameriprise Financial
AMPH,Amphastar Pharmaceuticals Inc
AMPL,Amplitude Inc
AMPS,Altus Power Inc
AMPY,Amplify Energy Corp.
AMR,Alpha Metallurgical Resources Inc
AMRC,Ameresco Inc.
AMRK,A-Mark Precious Metals Inc
AMRS,Amyris Inc
AMRX,Amneal Pharmaceuticals Inc
AMSF,Amerisafe Inc
AMSWA,American Software Inc.
AMT,American Tower
AMTB,Amerant Bancorp Inc
AMTX,Aemetis Inc
AMWD,American Woodmark Corp.
AMWL,American Well Corporation
AMZN,Amazon
ANAB,AnaptysBio Inc
ANDE,Andersons Inc.
ANET,Arista Networks
ANF,Abercrombie & Fitch Co.
ANGO,Angiodynamic Inc
ANIK,Anika Therapeutics Inc.
ANIP,ANI Pharmaceuticals Inc
ANSS,Ansys
ANTM,Anthem
ANTX,AN2 Therapeutics Inc
AOMR,Angel Oak Mortgage REIT Inc
AON,Aon
AORT,Artivion Inc
AOS,A. O. Smith
AOSL,Alpha & Omega Semiconductor Ltd
APA,APA Corporation
APAM,Artisan Partners Asset Management Inc
APD,Air Products & Chemicals
APEI,American Public Education Inc
APG,APi Group Corporation
APH,Amphenol
APLD,Applied Digital Corporation
APLE,Apple Hospitality REIT Inc
APLS,Apellis Pharmaceuticals Inc
APOG,Apogee Enterprises Inc.
APPF,Appfolio Inc
APPH,AppHarvest Inc
APPN,Appian Corp
APPS,Digital Turbine Inc
APTV,Aptiv
ARCB,ArcBest Corp
ARCH,Arch Resources Inc
ARCT,Arcturus Therapeutics Holdings Inc
ARE,Alexandria Real Estate Equities
AREN,Arena Group Holdings Inc (The)
ARGO,Argo Group International Holdings Ltd
ARI,Apollo Commercial Real Estate Finance Inc
ARIS,Aris Water Solutions Inc
ARKO,ARKO Corp
ARL,American Realty Investors Inc.
ARLO,Arlo Technologies Inc
ARNC,Arconic Corporation
AROC,Archrock Inc
AROW,Arrow Financial Corp.
ARQT,Arcutis Biotherapeutics Inc
ARR,ARMOUR Residential REIT Inc
ARRY,Array Technologies Inc
ARTNA,Artesian Resources Corp.
ARVN,Arvinas Inc
ARWR,Arrowhead Pharmaceuticals Inc.
ASAN,Asana Inc
ASB,Associated Banc-Corp.
ASC,Ardmore Shipping Corp
ASGN,ASGN Inc
ASIX,AdvanSix Inc
ASLE,AerSale Corp
ASO,Academy Sports and Outdoors Inc
ASPN,Aspen Aerogels Inc.
ASTE,Astec Industries Inc.
ASTR,Astra Space Inc
ATEC,Alphatec Holdings Inc
ATEN,A10 Networks Inc
ATER,Aterian Inc
ATEX,Anterix Inc
ATGE,Adtalem Global Education Inc
ATHA,Athira Pharma Inc
ATI,ATI Inc
ATIP,ATI Physical Therapy Inc
ATKR,Atkore Inc
ATLC,Atlanticus Holdings Corp
ATNI,ATN International Inc
ATO,Atmos Energy
ATOM,Atomera Inc
ATRA,Atara Biotherapeutics Inc
ATRC,Atricure Inc
ATRI,Atrion Corp.
ATRO,Astronics Corp.
ATSG,Air Transport Services Group Inc
ATVI,Activision Blizzard
AUB,Atlantic Union Bankshares Corp
AUPH,Aurinia Pharmaceuticals Inc
AURA,Aura Biosciences Inc
AVA,Avista Corp.
AVAH,Aveanna Healthcare Holdings Inc
AVAV,AeroVironment Inc.
AVB,AvalonBay Communities
AVD,American Vanguard Corp.
AVDX,AvidXchange Holdings Inc
AVGO,Broadcom
AVID,"Avid Technology, Inc."
AVIR,Atea Pharmaceuticals Inc
AVNS,Avanos Medical Inc
AVNT,Avient Corp
AVNW,Aviat Networks Inc
AVO,Mission Produce Inc
AVPT,AvePoint Inc
AVTA,Avantax Inc
AVTE,Aerovate Therapeutics Inc
AVXL,Anavex Life Sciences Corporation
AVY,Avery Dennison
AWK,American Water Works
AWR,American States Water Co.
AX,Axos Financial Inc.
AXP,American Express
AZO,AutoZone
BA,Boeing
BAC,Bank of America
BAX,Baxter International
BBWI,Bath & Body Works Inc.
BBY,Best Buy
BDX,Becton Dickinson
BEN,Franklin Resources
BF.B,Brown–Forman
BIIB,Biogen
BIO,Bio-Rad Laboratories
BK,BNY Mellon
BKNG,Booking Holdings
BKR,Baker Hughes
BLK,BlackRock
BLL,Ball Corp
BMY,Bristol Myers Squibb
BR,Broadridge Financial Solutions
BRK.B,Berkshire Hathaway
BRO,Brown & Brown
BSX,Boston Scientific
BTAI,BioXcel Therapeutics Inc
BTU,Peabody Energy Corp.
BUSE,First Busey Corp.
BV,BrightView Holdings Inc
BVH,Bluegreen Vacations Holding Corporation
BVS,Bioventus Inc
BW,Babcock & Wilcox Enterprises Inc
BWA,BorgWarner
BWB,Bridgewater Bancshares Inc
BWFG,Bankwell Financial Group Inc
BXC,Bluelinx Hldgs Inc
BXMT,Blackstone Mortgage Trust Inc
BXP,Boston Properties
BY,Byline Bancorp Inc
BYND,Beyond Meat Inc
BZH,Beazer Homes USA Inc.
C,Citigroup
CAC,Camden National Corp.
CADE,Cadence Bank
CAG,Conagra Brands
CAH,Cardinal Health
CAKE,Cheesecake Factory Inc.
CAL,Caleres Inc
CALM,"Cal-Maine Foods, Inc."
CALX,Calix Inc
CANO,Cano Health Inc
CARA,Cara Therapeutics Inc
CARE,Carter Bankshares Inc
CARG,CarGurus Inc
CARR,Carrier Global
CARS,Cars.com
CASA,Casa Systems Inc
CASH,Pathward Financial Inc
CASS,Cass Information Systems Inc
CAT,Caterpillar
CATC,Cambridge Bancorp
CATO,Cato Corp.
CATY,Cathay General Bancorp
CB,Chubb
CBAN,"Colony Bankcorp, Inc."
CBL,"CBL& Associates Properties, Inc."
CBNK,Capital Bancorp Inc
CBOE,Cboe Global Markets
CBRE,CBRE
CBRL,Cracker Barrel Old Country Store Inc
CBT,Cabot Corp.
CBU,"Community Bank System, Inc."
CBZ,Cbiz Inc
CCB,Coastal Financial Corp
CCBG,"Capital City Bank Group, Inc."
CCCC,C4 Therapeutics Inc
CCF,Chase Corp.
CCI,Crown Castle
CCL,Carnival Corporation
CCNE,CNB Financial Corp (PA)
CCO,Clear Channel Outdoor Holdings Inc.
CCOI,Cogent Communications Holdings Inc
CCRN,"Cross Country Healthcares, Inc."
CCS,Century Communities Inc
CCSI,Consensus Cloud Solutions Inc
CDAY,Ceridian
CDE,Coeur Mining Inc
CDLX,Cardlytics Inc
CDMO,Avid Bioservices Inc
CDNA,Caredx Inc
CDNS,Cadence Design Systems
CDRE,Cadre Holdings Inc
CDW,CDW
CDXS,Codexis Inc.
CE,Celanese
CEIX,Consol Energy Inc
CELH,Celsius Holdings Inc
CELL,PhenomeX Inc
CELU,Celularity Inc
CENN,Cenntro Electric Group Limited
CENT,Central Garden & Pet Co.
CENTA,Central Garden & Pet Co.
CENX,Century Aluminum Co.
CERE,Cerevel Therapeutics Holdings Inc
CERN,Cerner
CERS,Cerus Corp.
CEVA,Ceva Inc.
CF,CF Industries
CFB,Crossfirst Bankshares Inc
CFFN,Capitol Federal Financial
CFG,Citizens Financial Group
CGEM,Cullinan Oncology Inc
CHCO,City Holding Co.
CHCT,Community Healthcare Trust Inc
CHD,Church & Dwight
CHEF,Chefs` Warehouse Inc
CHGG,Chegg Inc
CHRD,Chord Energy Corp
CHRS,Coherus Biosciences Inc
CHRW,C. H. Robinson
CHS,"Chico`s Fas, Inc."
CHTR,Charter Communications
CHUY,Chuy`s Holdings Inc
CHX,ChampionX Corporation
CI,Cigna
CIFR,Cipher Mining Inc
CIM,Chimera Investment Corp
CINF,Cincinnati Financial
CIO,City Office REIT Inc
CIR,Circor International Inc
CISO,CISO Global Inc
CIVB,Civista Bancshares Inc
CIVI,Civitas Resources Inc
CIX,"Compx International, Inc."
CL,Colgate-Palmolive
CLAR,Clarus Corp
CLBK,"Columbia Financial, Inc"
CLDT,Chatham Lodging Trust
CLDX,Celldex Therapeutics Inc.
CLFD,Clearfield Inc
CLNE,Clean Energy Fuels Corp
CLOV,Clover Health Investments Corp
CLPR,Clipper Realty Inc
CLSK,Cleanspark Inc
CLW,Clearwater Paper Corp
CLX,Clorox
CMA,Comerica
CMAX,CareMax Inc
CMBM,Cambium Networks Corp
CMC,Commercial Metals Co.
CMCO,Columbus Mckinnon Corp.
CMCSA,Comcast
CME,CME Group
CMG,Chipotle Mexican Grill
CMI,Cummins
CMLS,Cumulus Media Inc.
CMP,Compass Minerals International Inc
CMPO,CompoSecure Inc
CMPR,Cimpress plc
CMRE,Costamare Inc
CMRX,Chimerix Inc
CMS,CMS Energy
CMTG,Claros Mortgage Trust Inc
CMTL,Comtech Telecommunications Corp.
CNC,Centene Corporation
CNDT,Conduent Inc
CNK,Cinemark Holdings Inc
CNMD,Conmed Corp.
CNNE,Cannae Holdings Inc
CNO,CNO Financial Group Inc
CNOB,ConnectOne Bancorp Inc.
CNP,CenterPoint Energy
CNS,Cohen & Steers Inc.
CNSL,Consolidated Communications Holdings Inc
CNTY,Century Casinos Inc.
CNX,CNX Resources Corp
CNXN,"PC Connection, Inc."
COCO,Vita Coco Company Inc (The)
CODI,Compass Diversified Holdings
COF,Capital One Financial
COGT,Cogent Biosciences Inc
COHU,"Cohu, Inc."
COKE,Coca-Cola Consolidated Inc
COLL,Collegium Pharmaceutical Inc
COMM,CommScope Holding Company Inc
COMP,Compass Inc
CONN,Conns Inc
COO,The Cooper Companies
COOK,Traeger Inc
COOP,Mr. Cooper Group Inc
COP,ConocoPhillips
CORT,Corcept Therapeutics Inc
COST,Costco
COUR,Coursera Inc
CPB,Campbell Soup
CPE,Callon Petroleum Co.
CPF,Central Pacific Financial Corp.
CPK,Chesapeake Utilities Corp
CPRT,Copart
CPRX,Catalyst Pharmaceuticals Inc
CPSI,Computer Programs & Systems Inc
CPSS,"Consumer Portfolio Service, Inc."
CPTN,Cepton Inc
CRAI,CRA International Inc.
CRBU,Caribou Biosciences Inc
CRC,California Resources Corporation
CRDA,Crawford & Co.
CRDO,Credo Technology Group Holding Ltd
CRGE,Charge Enterprises Inc
CRGY,Crescent Energy Company
CRK,"Comstock Resources, Inc."
CRL,Charles River Laboratories
CRM,Salesforce
CRMT,"Americas Car Mart, Inc."
CRNC,Cerence Inc
CRNX,Crinetics Pharmaceuticals Inc
CROX,Crocs Inc
CRS,Carpenter Technology Corp.
CRSR,Corsair Gaming Inc
CRVL,Corvel Corp.
CSCO,Cisco Systems
CSGS,CSG Systems International Inc.
CSR,Centerspace
CSTE,Caesarstone Ltd
CSTL,Castle Biosciences Inc
CSTM,Constellium SE
CSTR,CapStar Financial Holdings Inc
CSV,"Carriage Services, Inc."
CSWI,CSW Industrials Inc
CSX,CSX
CTAS,Cintas Corporation
CTBI,"Community Trust Bancorp, Inc."
CTIC,CTI BioPharma Corp
CTKB,Cytek BioSciences Inc
CTLP,Cantaloupe Inc
CTLT,Catalent
CTO,CTO Realty Growth Inc
CTOS,Custom Truck One Source Inc
CTRA,Coterra
CTRE,CareTrust REIT Inc
CTRN,Citi Trends Inc
CTS,CTS Corp.
CTSH,Cognizant Technology Solutions
CTV,Innovid Corp
CTVA,Corteva
CTXS,Citrix Systems
CUBI,Customers Bancorp Inc
CURO,CURO Group Holdings Corp
CURV,Torrid Holdings Inc
CUTR,Cutera Inc
CVBF,CVB Financial Corp.
CVCO,Cavco Industries Inc
CVGW,"Calavo Growers, Inc"
CVI,CVR Energy Inc
CVLG,Covenant Logistics Group Inc
CVLT,Commvault Systems Inc
CVS,CVS Health
CVT,Cvent Holding Corp
CVX,Chevron Corporation
CWEN,Clearway Energy Inc
CWENA,Clearway Energy Inc
CWH,Camping World Holdings Inc
CWK,Cushman & Wakefield plc
CWST,"Casella Waste Systems, Inc."
CWT,California Water Service Group
CXW,CoreCivic Inc
CYH,"Community Health Systems, Inc."
CYRX,CryoPort Inc
CYTK,Cytokinetics Inc
CZNC,Citizens & Northern Corp
CZR,Caesars Entertainment
D,Dominion Energy
DAL,Delta Air Lines
DAN,Dana Inc
DAWN,Day One Biopharmaceuticals Inc
DBI,Designer Brands Inc
DBRG,DigitalBridge Group Inc
DC,Dakota Gold Corp
DCGO,DocGo Inc
DCO,Ducommun Inc.
DCOM,Dime Community Bancshares Inc
DCPH,Deciphera Pharmaceuticals Inc
DD,DuPont
DDD,3D Systems Corp.
DDS,Dillard`s Inc.
DE,Deere & Co.
DEA,Easterly Government Properties Inc
DEN,Denbury Inc.
DENN,Denny`s Corp.
DFH,Dream Finders Homes Inc
DFIN,Donnelley Financial Solutions Inc
DFS,Discover Financial Services
DG,Dollar General
DGICA,Donegal Group Inc.
DGII,"Digi International, Inc."
DGX,Quest Diagnostics
DHC,Diversified Healthcare Trust
DHI,D. R. Horton
DHIL,"Diamond Hill Investment Group, Inc."
DHR,Danaher Corporation
DHT,DHT Holdings Inc
DHX,DHI Group Inc
DIBS,1stdibs.com Inc
DICE,DICE Therapeutics Inc
DIN,Dine Brands Global Inc
DIOD,"Diodes, Inc."
DIS,The Walt Disney Company
DISCA,Discovery (Series A)
DISCK,Discovery (Series C)
DISH,Dish Network
DJCO,Daily Journal Corporation
DK,Delek US Holdings Inc
DLR,Digital Realty Trust
DLTH,Duluth Holdings Inc
DLTR,Dollar Tree
DLX,Deluxe Corp.
DM,Desktop Metal Inc
DMRC,Digimarc Corporation
DNLI,Denali Therapeutics Inc
DNMR,Danimer Scientific Inc
DNOW,NOW Inc
DNUT,Krispy Kreme Inc
DO,"Diamond Offshore Drilling, Inc."
DOC,Physicians Realty Trust
DOCN,DigitalOcean Holdings Inc
DOMA,Doma Holdings Inc
DOMO,Domo Inc.
DOOR,Masonite International Corp
DORM,Dorman Products Inc
DOUG,Douglas Elliman Inc
DOV,Dover Corporation
DOW,Dow
DPZ,Domino's Pizza
DRE,Duke Realty Corp
DRH,Diamondrock Hospitality Co.
DRI,Darden Restaurants
DRQ,"Dril-Quip, Inc."
DSEY,Diversey Holdings Ltd
DSGN,Design Therapeutics Inc
DSGR,Distribution Solutions Group Inc
DSKE,Daseke Inc
DSP,Viant Technology Inc
DTC,Solo Brands Inc
DTE,DTE Energy
DUK,Duke Energy
DUOL,Duolingo Inc
DVA,DaVita
DVAX,Dynavax Technologies Corp.
DVN,Devon Energy
DX,"Dynex Capital, Inc."
DXC,DXC Technology
DXCM,DexCom
DXLG,Destination XL Group Inc
DXPE,"DXP Enterprises, Inc."
DY,"Dycom Industries, Inc."
DYN,Dyne Therapeutics Inc
DZSI,DZS Inc
EA,Electronic Arts
EAF,GrafTech International Ltd.
EAT,"Brinker International, Inc."
EB,Eventbrite Inc
EBAY,eBay
EBC,Eastern Bankshares Inc.
EBF,Ennis Inc.
EBIX,Ebix Inc.
EBS,Emergent Biosolutions Inc
EBTC,"Enterprise Bancorp, Inc."
ECL,Ecolab
ECPG,"Encore Capital Group, Inc."
ECVT,Ecovyst Inc
ED,Consolidated Edison
EDIT,Editas Medicine Inc
EE,Excelerate Energy Inc
EFC,Ellington Financial Inc
EFSC,Enterprise Financial Services Corp.
EFX,Equifax
EGAN,eGain Corp
EGBN,Eagle Bancorp Inc (MD)
EGHT,8X8 Inc.
EGIO,Edgio Inc
EGLE,Eagle Bulk Shipping Inc
EGRX,Eagle Pharmaceuticals Inc
EGY,"VAALCO Energy, Inc."
EHTH,eHealth Inc
EIG,Employers Holdings Inc
EIGR,Eiger BioPharmaceuticals Inc
EIX,Edison International
EL,Estée Lauder Companies
ELF,e.l.f. Beauty Inc
ELME,Elme Communities
EMBC,Embecta Corp
EME,"Emcor Group, Inc."
EMN,Eastman Chemical
EMR,Emerson Electric Company
ENFN,Enfusion Inc
ENOB,Enochian Biosciences Inc
ENPH,Enphase Energy
ENR,Energizer Holdings Inc
ENS,Enersys
ENSG,Ensign Group Inc
ENTA,Enanta Pharmaceuticals Inc
ENV,Envestnet Inc.
ENVA,Enova International Inc.
ENVX,Enovix Corporation
EOG,EOG Resources
EOLS,Evolus Inc
EP,Empire Petroleum Corporation
EPAC,Enerpac Tool Group Corp
EPC,Edgewell Personal Care Co
EPRT,Essential Properties Realty Trust Inc
EQBK,Equity Bancshares Inc
EQC,Equity Commonwealth
EQIX,Equinix
EQR,Equity Residential
EQRX,EQRx Inc
ERAS,Erasca Inc
ERII,Energy Recovery Inc
ES,Eversource Energy
ESE,"Esco Technologies, Inc."
ESGR,Enstar Group Limited
ESMT,Engagesmart Inc
ESNT,Essent Group Ltd
ESPR,Esperion Therapeutics Inc.
ESQ,Esquire Financial Holdings Inc
ESRT,Empire State Realty Trust Inc
ESS,Essex Property Trust
ESTE,Earthstone Energy Inc
ETD,"Ethan Allen Interiors, Inc."
ETN,Eaton Corporation
ETR,Entergy
ETRN,Equitrans Midstream Corporation
ETSY,Etsy
ETWO,E2open Parent Holdings Inc
EVBG,Everbridge Inc
EVC,Entravision Communications Corp.
EVCM,EverCommerce Inc
EVER,EverQuote Inc
EVGO,EVgo Inc
EVH,Evolent Health Inc
EVLV,Evolv Technologies Holdings Inc
EVRG,Evergy
EVRI,Everi Holdings Inc
EVTC,Evertec Inc
EW,Edwards Lifesciences
EWCZ,European Wax Center Inc
EWTX,Edgewise Therapeutics Inc
EXC,Exelon
EXLS,ExlService Holdings Inc
EXPD,Expeditors
EXPE,Expedia Group
EXPI,eXp World Holdings Inc
EXPO,Exponent Inc.
EXPR,Express Inc.
EXR,Extra Space Storage
EXTR,Extreme Networks Inc.
EYE,National Vision Holdings Inc
EYPT,EyePoint Pharmaceuticals Inc
EZPW,"EZCorp, Inc."
F,Ford
FA,First Advantage Corp.
FANG,Diamondback Energy
FARO,Faro Technologies Inc.
FAST,Fastenal
FATE,Fate Therapeutics Inc
FB,Facebook
FBHS,Fortune Brands Home & Security
FBIZ,First Business Financial Services Inc
FBK,FB Financial Corp
FBMS,First Bancshares Inc Miss
FBNC,First Bancorp
FBP,First Bancorp PR
FBRT,Franklin BSP Realty Trust Inc.
FC,Franklin Covey Co.
FCBC,First Community Bankshares Inc.
FCEL,Fuelcell Energy Inc
FCF,First Commonwealth Financial Corp.
FCFS,FirstCash Holdings Inc
FCPT,Four Corners Property Trust Inc
FCUV,Focus Universal Inc
FCX,Freeport-McMoRan
FDMT,4D Molecular Therapeutics Inc
FDP,Fresh Del Monte Produce Inc
FDX,FedEx
FE,FirstEnergy
FEAM,5E Advanced Materials Inc
FELE,"Franklin Electric Co., Inc."
FF,Futurefuel Corp
FFBC,First Financial Bancorp
FFIC,Flushing Financial Corp.
FFIE,Faraday Future Intelligent Electric Inc
FFIN,"First Financial Bankshares, Inc."
FFIV,F5 Networks
FFWM,First Foundation Inc
FGBI,First Guaranty Bancshares Inc
FGEN,FibroGen Inc
FHI,Federated Hermes Inc
FHTX,Foghorn Therapeutics Inc
FIBK,First Interstate BancSystem Inc.
FIGS,Figs Inc
FIS,Fidelity National Information Services
FISI,Financial Institutions Inc.
FISV,Fiserv
FITB,Fifth Third Bancorp
FIX,"Comfort Systems USA, Inc."
FIZZ,National Beverage Corp.
FL,Foot Locker Inc
FLGT,Fulgent Genetics Inc
FLIC,First Of Long Island Corp.
FLL,"Full House Resorts, Inc."
FLNC,Fluence Energy Inc
FLNG,Flex Lng Ltd
FLR,Fluor Corporation
FLT,Fleetcor
FLWS,1-800 Flowers.com Inc.
FLYW,Flywire Corp
FMAO,Farmers & Merchants Bancorp Inc.
FMBH,First Mid Bancshares Inc.
FMC,FMC Corporation
FMNB,Farmers National Banc Corp.
FN,Fabrinet
FNA,Paragon 28 Inc
FNKO,Funko Inc
FNLC,First Bancorp Inc (ME)
FOA,Finance of America Companies Inc
FOCS,Focus Financial Partners Inc
FOLD,Amicus Therapeutics Inc
FOR,Forestar Group Inc
FORG,ForgeRock Inc
FORM,FormFactor Inc.
FORR,Forrester Research Inc.
FOSL,Fossil Group Inc
FOX,Fox Corporation (Class B)
FOXA,Fox Corporation (Class A)
FOXF,Fox Factory Holding Corp
FPI,Farmland Partners Inc
FRBA,First Bank (NJ)
FRBK,"Republic First Bancorp, Inc."
FRC,First Republic Bank
FREE,Whole Earth Brands Inc
FRG,Franchise Group Inc
FRME,First Merchants Corp.
FRO,Frontline Plc
FRPH,FRP Holdings Inc
FRST,Primis Financial Corp
FRT,Federal Realty Investment Trust
FSBC,Five Star Bancorp
FSLY,Fastly Inc
FSP,Franklin Street Properties Corp.
FSR,Fisker Inc
FSS,Federal Signal Corp.
FTCI,FTC Solar Inc
FTDR,Frontdoor Inc.
FTNT,Fortinet
FTV,Fortive
FUBO,fuboTV Inc
FUL,H.B. Fuller Company
FULC,Fulcrum Therapeutics Inc
FULT,Fulton Financial Corp.
FVCB,FVCBankcorp Inc
FWRD,Forward Air Corp.
FWRG,First Watch Restaurant Group Inc
FXLV,F45 Training Holdings Inc
GABC,German American Bancorp Inc
GAMB,Gambling.com Group Ltd
GATX,GATX Corp.
GBCI,"Glacier Bancorp, Inc."
GBIO,Generation Bio Co
GBX,"Greenbrier Cos., Inc."
GCBC,Greene County Bancorp Inc
GCI,Gannett Co Inc.
GCMG,GCM Grosvenor Inc
GCO,Genesco Inc.
GD,General Dynamics
GDEN,Golden Entertainment Inc
GDOT,Green Dot Corp.
GDYN,Grid Dynamics Holdings Inc
GE,General Electric
GEF,Greif Inc
GEFB,Greif Inc
GEO,"Geo Group, Inc."
GERN,Geron Corp.
GES,Guess Inc.
GEVO,Gevo Inc
GFF,Griffon Corp.
GHC,Graham Holdings Co.
GIC,Global Industrial Co
GIII,G-III Apparel Group Ltd.
GILD,Gilead Sciences
GIS,General Mills
GKOS,Glaukos Corporation
GL,Globe Life
GLDD,Great Lakes Dredge & Dock Corporation
GLNG,Golar Lng
GLRE,Greenlight Capital Re Ltd
GLT,Glatfelter Corporation
GLUE,Monte Rosa Therapeutics Inc
GLW,Corning
GM,General Motors
GMRE,Global Medical REIT Inc
GMS,GMS Inc
GNK,Genco Shipping & Trading Limited
GNL,Global Net Lease Inc
GNRC,Generac Holdings
GNTY,"Guaranty Bancshares, Inc. (TX)"
GNW,Genworth Financial Inc
GOEV,Canoo Inc
GOGL,Golden Ocean Group Limited
GOGO,Gogo Inc
GOLF,Acushnet Holdings Corp
GOOD,Gladstone Commercial Corp
GOOG,Alphabet (Class C)
GOSS,Gossamer Bio Inc
GPC,Genuine Parts
GPI,"Group 1 Automotive, Inc."
GPMT,Granite Point Mortgage Trust Inc
GPN,Global Payments
GPOR,Gulfport Energy Corp.
GPRE,Green Plains Inc
GPRO,GoPro Inc.
GPS,Gap
GRBK,Green Brick Partners Inc
GRC,Gorman-Rupp Co.
GREE,Greenidge Generation Holdings Inc
GRMN,Garmin
GRNA,GreenLight Biosciences Holdings PBC
GRPN,Groupon Inc
GRWG,GrowGeneration Corp
GS,Goldman Sachs
GSAT,Globalstar Inc.
GSBC,"Great Southern Bancorp, Inc."
GSHD,Goosehead Insurance Inc
GT,Goodyear Tire & Rubber Co.
GTLS,Chart Industries Inc
GTN,"Gray Television, Inc."
GTY,Getty Realty Corp.
GVA,Granite Construction Inc.
GWH,ESS Tech Inc
GWRS,Global Water Resources Inc
GWW,W. W. Grainger
HA,"Hawaiian Holdings, Inc."
HAE,Haemonetics Corp.
HAFC,Hanmi Financial Corp.
HAIN,Hain Celestial Group Inc
HAL,Halliburton
HALO,Halozyme Therapeutics Inc.
HAS,Hasbro
HASI,Hannon Armstrong Sustainable Infrastructure capital Inc
HAYN,Haynes International Inc.
HBAN,Huntington Bancshares
HBCP,Home Bancorp Inc
HBI,Hanesbrands
HBNC,Horizon Bancorp Inc (IN)
HBT,HBT Financial Inc
HCA,HCA Healthcare
HCAT,Health Catalyst Inc
HCC,Warrior Met Coal Inc
HCCI,Heritage-Crystal Clean Inc
HCI,HCI Group Inc
HCKT,Hackett Group Inc (The)
HCSG,"Healthcare Services Group, Inc."
HD,Home Depot
HDSN,"Hudson Technologies, Inc."
HEAR,Turtle Beach Corp
HEES,H&E Equipment Services Inc
HELE,Helen of Troy Ltd
HES,Hess Corporation
HFFG,HF Foods Group Inc.
HFWA,Heritage Financial Corp.
HGV,Hilton Grand Vacations Inc
HI,Hillenbrand Inc
HIBB,Hibbett Inc
HIFS,Hingham Institution For Savings
HIG,The Hartford
HII,Huntington Ingalls Industries
HIMS,Hims & Hers Health Inc
HIPO,Hippo Holdings Inc
HL,Hecla Mining Co.
HLF,Herbalife Ltd
HLGN,Heliogen Inc
HLI,Houlihan Lokey Inc
HLIO,Helios Technologies Inc
HLIT,"Harmonic, Inc."
HLLY,Holley Inc
HLMN,Hillman Solutions Corp
HLNE,Hamilton Lane Inc
HLT,Hilton Worldwide
HLTH,Cue Health Inc
HLVX,HilleVax Inc
HLX,Helix Energy Solutions Group Inc
HMN,Horace Mann Educators Corp.
HMPT,Home Point Capital Inc
HMST,HomeStreet Inc
HNI,HNI Corp.
HNST,Honest Company Inc (The )
HOLX,Hologic
HOMB,Home Bancshares Inc
HON,Honeywell
HONE,HarborOne Bancorp Inc.
HOPE,Hope Bancorp Inc
HOUS,Anywhere Real Estate Inc
HOV,"Hovnanian Enterprises, Inc."
HP,"Helmerich & Payne, Inc."
HPE,Hewlett Packard Enterprise
HPK,HighPeak Energy Inc
HPQ,HP
HQY,Healthequity Inc
HRI,Herc Holdings Inc
HRL,Hormel
HRMY,Harmony Biosciences Holdings Inc
HRT,HireRight Holdings Corp
HRTX,Heron Therapeutics Inc
HSC,Enviri Corp
HSIC,Henry Schein
HSII,"Heidrick & Struggles International, Inc."
HST,Host Hotels & Resorts
HSTM,Healthstream Inc
HSY,The Hershey Company
HT,Hersha Hospitality Trust
HTBI,HomeTrust Bancshares Inc
HTBK,Heritage Commerce Corp.
HTH,Hilltop Holdings Inc
HTLD,"Heartland Express, Inc."
HTLF,"Heartland Financial USA, Inc."
HUBG,"Hub Group, Inc."
HUM,Humana
HUMA,Humacyte Inc
HURN,Huron Consulting Group Inc
HVT,"Haverty Furniture Cos., Inc."
HWC,Hancock Whitney Corp.
HWKN,Hawkins Inc
HWM,Howmet Aerospace
HY,Hyster-Yale Materials Handling Inc
HYFM,Hydrofarm Holdings Group Inc
HYLN,Hyliion Holdings Corporation
HYMC,Hycroft Mining Holding Corporation
HYZN,Hyzon Motors Inc
HZO,"Marinemax, Inc."
IAS,Integral Ad Science Holding Corp
IBCP,"Independent Bank Corporation (Ionia, MI)"
IBEX,IBEX Ltd
IBM,IBM
IBOC,International Bancshares Corp.
IBP,Installed Building Products Inc
IBRX,ImmunityBio Inc
IBTX,Independent Bank Group Inc
ICE,Intercontinental Exchange
ICFI,"ICF International, Inc"
ICHR,Ichor Holdings Ltd
ICPT,Intercept Pharmaceuticals Inc
ICVX,Icosavax Inc
IDCC,Interdigital Inc
IDT,IDT Corp.
IDXX,Idexx Laboratories
IDYA,Ideaya Biosciences Inc
IE,Ivanhoe Electric Inc
IESC,IES Holdings Inc
IEX,IDEX Corporation
IFF,International Flavors & Fragrances
IGMS,IGM Biosciences Inc
IGT,International Game Technology PLC
IHRT,iHeartMedia Inc
III,Information Services Group Inc.
IIIN,"Insteel Industries, Inc."
IIIV,i3 Verticals Inc
IIPR,Innovative Industrial Properties Inc
ILMN,Illumina
ILPT,Industrial Logistics Properties Trust
IMAX,Imax Corp
IMGN,"Immunogen, Inc."
IMKTA,"Ingles Markets, Inc."
IMVT,Immunovant Inc
IMXI,International Money Express Inc.
INBK,First Internet Bancorp
INBX,Inhibrx Inc
INCY,Incyte
INDB,Independent Bank Corp.
INDI,Indie Semiconductor Inc
INDT,INDUS Realty Trust Inc
INFN,Infinera Corp.
INFO,IHS Markit
INGN,Inogen Inc
INN,Summit Hotel Properties Inc
INNV,InnovAge Holding Corp
INO,Inovio Pharmaceuticals Inc
INSE,Inspired Entertainment Inc
INSG,Inseego Corp
INSM,Insmed Inc
INSP,Inspire Medical Systems Inc
INST,Instructure Holdings Inc
INSW,International Seaways Inc
INT,World Fuel Services Corp.
INTA,Intapp Inc
INTC,Intel
INTU,Intuit
INVA,Innoviva Inc
INVE,Identiv Inc
IONQ,IonQ Inc
IOSP,Innospec Inc
IOVA,Iovance Biotherapeutics Inc
IP,International Paper
IPAR,"Inter Parfums, Inc."
IPG,Interpublic Group
IPGP,IPG Photonics
IPI,Intrepid Potash Inc
IPSC,Century Therapeutics Inc
IQV,IQVIA
IR,Ingersoll Rand
IRBT,Irobot Corp
IRDM,Iridium Communications Inc
IRM,Iron Mountain
IRMD,Iradimed Corp
IRNT,IronNet Inc
IRT,Independence Realty Trust Inc
IRTC,iRhythm Technologies Inc
IRWD,Ironwood Pharmaceuticals Inc
ISEE,IVERIC bio Inc
ISPO,Inspirato Incorporated
ISRG,Intuitive Surgical
IT,Gartner
ITCI,Intra-Cellular Therapies Inc
ITGR,Integer Holdings Corp
ITIC,Investors Title Co.
ITOS,ITeos Therapeutics Inc
ITRI,Itron Inc.
ITW,Illinois Tool Works
IVR,Invesco Mortgage Capital Inc
IVT,InvenTrust Properties Corp
IVVD,Invivyd Inc
IVZ,Invesco
J,Jacobs Engineering Group
JACK,"Jack In The Box, Inc."
JANX,Janux Therapeutics Inc
JBHT,J. B. Hunt
JBI,Janus International Group Inc
JBSS,"Sanfilippo (John B.) & Son, Inc"
JBT,John Bean Technologies Corp
JCI,Johnson Controls
JELD,JELD-WEN Holding Inc.
JJSF,J&J Snack Foods Corp.
JKHY,Jack Henry & Associates
JMSB,John Marshall Bancorp Inc
JNJ,Johnson & Johnson
JNPR,Juniper Networks
JOAN,JOANN Inc
JOBY,Joby Aviation Inc
JOE,St. Joe Co.
JOUT,Johnson Outdoors Inc
JPM,JPMorgan Chase
JRVR,James River Group Holdings Ltd
JXN,Jackson Financial Inc
JYNT,Joint Corp
K,Kellogg's
KAI,"Kadant, Inc."
KALU,Kaiser Aluminum Corp
KALV,KalVista Pharmaceuticals Inc
KAMN,Kaman Corp.
KAR,Openlane Inc.
KBH,KB Home
KDNY,Chinook Therapeutics Inc
KE,Kimball Electronics Inc
KELYA,"Kelly Services, Inc."
KEY,KeyCorp
KEYS,Keysight Technologies
KFRC,Kforce Inc.
KFY,Korn Ferry
KHC,Kraft Heinz
KIDS,OrthoPediatrics corp
KIM,Kimco Realty
KLAC,KLA Corporation
KLIC,"Kulicke & Soffa Industries, Inc."
KLR,Kaleyra Inc
KMB,Kimberly-Clark
KMI,Kinder Morgan
KMT,Kennametal Inc.
KMX,CarMax
KN,Knowles Corp
KNSA,Kiniksa Pharmaceuticals Ltd
KNSL,Kinsale Capital Group Inc
KNTE,Kinnate Biopharma Inc
KNTK,Kinetik Holdings Inc
KO,Coca-Cola Company
KOD,Kodiak Sciences Inc
KODK,Eastman Kodak Co.
KOP,Koppers Holdings Inc
KORE,Kore Group Holdings Inc
KOS,Kosmos Energy Ltd
KPTI,Karyopharm Therapeutics Inc
KR,Kroger
KREF,KKR Real Estate Finance Trust Inc
KRG,Kite Realty Group Trust
KRNY,Kearny Financial Corp.
KRO,"Kronos Worldwide, Inc."
KRON,Kronos Bio Inc
KROS,Keros Therapeutics Inc
KRT,Karat Packaging Inc
KRTX,Karuna Therapeutics Inc
KRUS,Kura Sushi USA Inc
KRYS,Krystal Biotech Inc
KSU,Kansas City Southern
KTB,Kontoor Brands Inc
KTOS,Kratos Defense & Security Solutions Inc
KURA,Kura Oncology Inc
KW,Kennedy-Wilson Holdings Inc
KWR,Quaker Houghton
KYMR,Kymera Therapeutics Inc
KZR,Kezar Life Sciences Inc
L,Loews Corporation
LADR,Ladder Capital Corp
LANC,Lancaster Colony Corp.
LAND,Gladstone Land Corp
LASR,nLIGHT Inc
LAUR,Laureate Education Inc
LAW,CS Disco Inc
LAZR,Luminar Technologies Inc
LBAI,"Lakeland Bancorp, Inc."
LBC,Luther Burbank Corp
LBRT,Liberty Energy Inc
LC,LendingClub Corp
LCII,LCI Industries
LCUT,"Lifetime Brands, Inc."
LDOS,Leidos
LE,"Lands` End, Inc."
LEG,Leggett & Platt
LEGH,Legacy Housing Corp
LEN,Lennar
LEU,Centrus Energy Corp
LFCR,Lifecore Biomedical Inc
LFST,LifeStance Health Group Inc
LGFA,Lions Gate Entertainment Corp.
LGFB,Lions Gate Entertainment Corp.
LGIH,LGI Homes Inc
LGND,"Ligand Pharmaceuticals, Inc."
LH,LabCorp
LHX,L3Harris Technologies
LICY,Li-Cycle Holdings Corp
LIDR,AEye Inc
LILA,Liberty Latin America Ltd
LILAK,Liberty Latin America Ltd
LIN,Linde
LIND,Lindblad Expeditions Holdings Inc
LIVN,LivaNova PLC
LKFN,Lakeland Financial Corp.
LKQ,LKQ Corporation
LL,LL Flooring Holdings Inc
LLAP,Terran Orbital Corp
LLY,Eli Lilly & Co
LMAT,Lemaitre Vascular Inc
LMND,Lemonade Inc
LMT,Lockheed Martin
LNC,Lincoln National
LNN,Lindsay Corporation
LNT,Alliant Energy
LNTH,Lantheus Holdings Inc
LNW,Light & Wonder Inc
LOB,Live Oak Bancshares Inc
LOCL,Local Bounti Corp
LOCO,El Pollo Loco Holdings Inc
LOVE,Lovesac Company
LOW,Lowe's
LPG,Dorian LPG Ltd
LPRO,Open Lending Corp
LPSN,Liveperson Inc
LQDA,Liquidia Corp
LQDT,Liquidity Services Inc
LRCX,Lam Research
LRN,Stride Inc
LSEA,Landsea Homes Corporation
LTC,"LTC Properties, Inc."
LTCH,Latch Inc
LTH,Life Time Group Holdings Inc
LTHM,Livent Corp
LUMN,Lumen Technologies
LUNG,Pulmonx Corp
LUV,Southwest Airlines
LVLU,Lulus Fashion Lounge Holdings Inc
LVOX,LiveVox Holdings Inc
LVS,Las Vegas Sands
LW,Lamb Weston
LWLG,Lightwave Logic Inc
LXFR,Luxfer Holdings PLC
LXP,LXP Industrial Trust
LXRX,Lexicon Pharmaceuticals Inc
LXU,"LSB Industries, Inc."
LYB,LyondellBasell
LYEL,Lyell Immunopharma Inc
LYV,Live Nation Entertainment
LZ,LegalZoom.com Inc.
LZB,La-Z-Boy Inc.
MA,Mastercard
MAA,Mid-America Apartments
MAC,Macerich Co.
MAPS,WM Technology Inc
MAR,Marriott International
MARA,Marathon Digital Holdings Inc
MAS,Masco
MASS,908 Devices Inc
MATV,Mativ Holdings Inc
MATW,Matthews International Corp.
MATX,Matson Inc
MAX,MediaAlpha Inc
MBI,MBIA Inc.
MBIN,Merchants Bancorp
MBUU,Malibu Boats Inc
MBWM,Mercantile Bank Corp.
MC,Moelis & Co
MCB,Metropolitan Bank Holding Corp
MCBC,Macatawa Bank Corp.
MCBS,MetroCity Bankshares Inc
MCD,McDonald's
MCFT,MasterCraft Boat Holdings Inc
MCHP,Microchip Technology
MCK,McKesson Corporation
MCO,Moody's Corporation
MCRB,Seres Therapeutics Inc
MCRI,"Monarch Casino & Resort, Inc."
MCS,Marcus Corp.
MCY,Mercury General Corp.
MD,Pediatrix Medical Group Inc
MDC,"M.D.C. Holdings, Inc."
MDGL,Madrigal Pharmaceuticals Inc
MDLZ,Mondelez International
MDRX,Veradigm Inc
MDT,Medtronic
MDXG,Mimedx Group Inc
ME,23andMe Holding Co
MED,Medifast Inc
MEDP,Medpace Holdings Inc
MEG,Montrose Environmental Group Inc
MEI,"Methode Electronics, Inc."
MET,MetLife
METC,Ramaco Resources Inc
MFA,MFA Financial Inc
MGEE,"MGE Energy, Inc."
MGM,MGM Resorts International
MGNI,Magnite Inc
MGNX,Macrogenics Inc
MGPI,"MGP Ingredients, Inc."
MGRC,McGrath Rentcorp
MGTX,MeiraGTx Holdings plc
MGY,Magnolia Oil & Gas Corp
MHK,Mohawk Industries
MHO,MI Homes Inc.
MIR,Mirion Technologies Inc.
MIRM,Mirum Pharmaceuticals Inc
MITK,Mitek Systems Inc
MKC,McCormick & Company
MKFG,Markforged Holding Corporation
MKTW,Marketwise Inc
MKTX,MarketAxess
ML,MoneyLion Inc
MLAB,"Mesa Laboratories, Inc."
MLI,"Mueller Industries, Inc."
MLKN,MillerKnoll Inc
MLM,Martin Marietta Materials
MLNK,MeridianLink Inc
MLR,Miller Industries Inc.
MLYS,Mineralys Therapeutics Inc
MMC,Marsh & McLennan
MMI,Marcus & Millichap Inc
MMM,3M
MMS,Maximus Inc.
MMSI,"Merit Medical Systems, Inc."
MNKD,Mannkind Corp
MNRO,Monro Inc
MNST,Monster Beverage
MNTK,Montauk Renewables Inc
MNTS,Momentus Inc
MO,Altria Group
MOD,Modine Manufacturing Co.
MODG,Topgolf Callaway Brands Corp
MODN,Model N Inc
MODV,ModivCare Inc
MOFG,MidWestOne Financial Group Inc
MOGA,"Moog, Inc."
MORF,Morphic Holding Inc
MOS,The Mosaic Company
MOV,"Movado Group, Inc."
MPAA,Motorcar Parts of America Inc.
MPB,"Mid Penn Bancorp, Inc."
MPC,Marathon Petroleum
MPLN,MultiPlan Corp
MPWR,Monolithic Power Systems
MPX,Marine Products Corp
MQ,Marqeta Inc
MRC,MRC Global Inc
MRK,Merck & Co.
MRNA,Moderna
MRO,Marathon Oil
MRSN,Mersana Therapeutics Inc
MRTN,"Marten Transport, Ltd."
MS,Morgan Stanley
MSBI,Midland States Bancorp Inc
MSCI,MSCI
MSEX,Middlesex Water Co.
MSFT,Microsoft
MSGE,Madison Square Garden Entertainment Corp.
MSI,Motorola Solutions
MSTR,Microstrategy Inc.
MTB,M&T Bank
MTCH,Match Group
MTD,Mettler Toledo
MTDR,Matador Resources Co
MTH,Meritage Homes Corp.
MTRN,Materion Corp
MTSI,MACOM Technology Solutions Holdings Inc
MTTR,Matterport Inc
MTW,"Manitowoc Co., Inc."
MTX,"Minerals Technologies, Inc."
MU,Micron Technology
MULN,Mullen Automotive Inc
MUR,Murphy Oil Corp.
MUSA,Murphy USA Inc
MVBF,MVB Financial Corp.
MVIS,Microvision Inc.
MVST,Microvast Holdings Inc
MWA,Mueller Water Products Inc
MXCT,MaxCyte Inc
MXL,MaxLinear Inc
MYE,Myers Industries Inc.
MYFW,First Western Financial Inc
MYGN,"Myriad Genetics, Inc."
MYPS,PLAYSTUDIOS Inc
MYRG,MYR Group Inc
NABL,N-able Inc
NAPA,Duckhorn Portfolio Inc (The)
NARI,Inari Medical Inc
NAT,Nordic American Tankers Ltd
NATR,"Nature`s Sunshine Products, Inc."
NAUT,Nautilus Biotechnology Inc
NAVI,Navient Corp
NBHC,National Bank Holdings Corp
NBN,Northeast Bank
NBR,Nabors Industries Ltd
NBTB,NBT Bancorp. Inc.
NC,Nacco Industries Inc.
NCLH,Norwegian Cruise Line Holdings
NDAQ,Nasdaq
NDLS,Noodles & Company
NE,Noble Corp Plc
NEE,NextEra Energy
NEM,Newmont
NEO,Neogenomics Inc.
NEOG,Neogen Corp.
NETI,Eneti Inc
NEX,NexTier Oilfield Solutions Inc
NEXT,NextDecade Corporation
NFBK,Northfield Bancorp Inc
NFLX,Netflix
NG,Novagold Resources Inc.
NGM,Ngm Biopharmaceuticals Inc
NGMS,NeoGames SA
NGVC,Natural Grocers by Vitamin Cottage Inc
NGVT,Ingevity Corp
NHC,National Healthcare Corp.
NHI,"National Health Investors, Inc."
NI,NiSource
NIC,Nicolet Bankshares Inc.
NJR,New Jersey Resources Corporation
NKE,Nike
NKLA,Nikola Corp
NKTR,Nektar Therapeutics
NKTX,Nkarta Inc
NL,"NL Industries, Inc."
NLOK,NortonLifeLock
NLSN,Nielsen Holdings
NMIH,NMI Holdings Inc
NMRK,Newmark Group Inc
NN,NextNav Inc
NNI,Nelnet Inc
NNOX,Nano X Imaging Ltd
NOC,Northrop Grumman
NODK,NI Holdings Inc
NOG,Northern Oil and Gas Inc.
NOTV,Inotiv Inc
NOVA,Sunnova Energy International Inc
NOVT,Novanta Inc
NOW,ServiceNow
NPK,"National Presto Industries, Inc."
NPO,EnPro Industries Inc
NR,"Newpark Resources, Inc."
NRC,National Research Corp
NRDS,Nerdwallet Inc
NRDY,Nerdy Inc
NREF,NexPoint Real Estate Finance Inc
NRG,NRG Energy
NRGV,Energy Vault Holdings Inc
NRIX,Nurix Therapeutics Inc
NSC,Norfolk Southern
NSIT,Insight Enterprises Inc.
NSP,Insperity Inc
NSSC,NAPCO Security Technologies Inc
NSTG,Nanostring Technologies Inc
NTAP,NetApp
NTB,Bank of N T Butterfield & Son Ltd.
NTCT,Netscout Systems Inc
NTGR,Netgear Inc
NTLA,Intellia Therapeutics Inc
NTRS,Northern Trust
NTST,Netstreit Corp
NUE,Nucor
NUS,"Nu Skin Enterprises, Inc."
NUTX,Nutex Health Inc
NUVA,Nuvasive Inc
NUVB,Nuvation Bio Inc
NUVL,Nuvalent Inc
NVDA,Nvidia
NVEE,NV5 Global Inc
NVR,NVR
NVRO,Nevro Corp
NVTA,Invitae Corp
NWBI,Northwest Bancshares Inc
NWE,Northwestern Corp.
NWL,Newell Brands
NWLI,National Western Life Group Inc
NWN,Northwest Natural Holding Co
NWPX,Northwest Pipe Co.
NWS,News Corp (Class B)
NWSA,News Corp (Class A)
NX,Quanex Building Products Corp
NXGN,NextGen Healthcare Inc
NXPI,NXP
NXRT,NexPoint Residential Trust Inc
NXT,Nextracker Inc
NYMT,New York Mortgage Trust Inc
O,Realty Income Corporation
OABI,OmniAb Inc
OB,Outbrain Inc
OBK,Origin Bancorp Inc
OCFC,OceanFirst Financial Corp.
OCGN,Ocugen Inc
OCTO,Eightco Holdings Inc
OCUL,Ocular Therapeutix Inc
ODFL,Old Dominion Freight Line
ODP,ODP Corporation (The)
OEC,Orion S.A
OFC,Corporate Office Properties Trust
OFG,OFG Bancorp
OFIX,Orthofix Medical Inc
OFLX,Omega Flex Inc
OGN,Organon & Co.
OGS,ONE Gas Inc
OI,O-I Glass Inc
OII,"Oceaneering International, Inc."
OIS,"Oil States International, Inc."
OKE,Oneok
OLO,Olo Inc
OLP,"One Liberty Properties, Inc."
OM,Outset Medical Inc
OMC,Omnicom Group
OMCL,"Omnicell, Inc."
OMI,"Owens & Minor, Inc."
OMIC,Singular Genomics Systems Inc
ONB,Old National Bancorp
ONDS,Ondas Holdings Inc
ONEW,Onewater Marine Inc
ONL,Orion Office REIT Inc
ONTF,ON24 Inc
ONTO,Onto Innovation Inc.
OOMA,Ooma Inc
OPAD,Offerpad Solutions Inc
OPCH,Option Care Health Inc.
OPFI,OppFi Inc
OPI,Office Properties Income Trust
OPK,Opko Health Inc
OPRT,Oportun Financial Corp
OPRX,OptimizeRx Corp
OPY,Oppenheimer Holdings Inc
ORA,Ormat Technologies Inc
ORC,Orchid Island Capital Inc
ORCL,Oracle
ORGN,Origin Materials Inc
ORGO,Organogenesis Holdings Inc
ORLY,O'Reilly Automotive
ORRF,"Orrstown Financial Services, Inc."
OSBC,Old Second Bancorporation Inc.
OSCR,Oscar Health Inc
OSIS,"OSI Systems, Inc."
OSPN,OneSpan Inc
OSTK,Overstock.com Inc
OSUR,Orasure Technologies Inc.
OSW,OneSpaWorld Holdings Limited
OTIS,Otis Worldwide
OTLK,Outlook Therapeutics Inc
OTTR,Otter Tail Corporation
OUST,Ouster Inc
OUT,Outfront Media Inc
OXM,"Oxford Industries, Inc."
OXY,Occidental Petroleum
PACB,Pacific Biosciences of California Inc
PACK,Ranpak Holdings Corp
PAHC,Phibro Animal Health Corp.
PAR,Par Technology Corp.
PARR,Par Pacific Holdings Inc
PATK,"Patrick Industries, Inc."
PAYC,Paycom
PAYO,Payoneer Global Inc
PAYX,Paychex
PBCT,People's United Financial
PBF,PBF Energy Inc
PBFS,Pioneer Bancorp Inc
PBH,Prestige Consumer Healthcare Inc
PBI,"Pitney Bowes, Inc."
PCAR,Paccar
PCB,PCB Bancorp.
PCH,PotlatchDeltic Corp
PCRX,Pacira BioSciences Inc
PCT,PureCycle Technologies Inc
PCVX,Vaxcyte Inc
PCYO,Pure Cycle Corp.
PD,Pagerduty Inc
PDCO,Patterson Companies Inc.
PDFS,PDF Solutions Inc.
PDLI,PDL Biopharma Inc
PDM,Piedmont Office Realty Trust Inc
PEAK,Healthpeak Properties
PEB,Pebblebrook Hotel Trust
PEBO,"Peoples Bancorp, Inc. (Marietta, OH)"
PECO,Phillips Edison & Company Inc
PEG,Public Service Enterprise Group
PENN,Penn National Gaming
PEP,PepsiCo
PEPG,PepGen Inc
PETQ,PetIQ Inc
PETS,"Petmed Express, Inc."
PFBC,"Preferred Bank (Los Angeles, CA)"
PFC,Premier Financial Corp
PFE,Pfizer
PFG,Principal Financial Group
PFHC,ProFrac Holding Corp
PFIS,Peoples Financial Services Corp
PFS,Provident Financial Services Inc
PFSI,PennyMac Financial Services Inc.
PFSW,PFSWEB Inc
PG,Procter & Gamble
PGC,Peapack-Gladstone Financial Corp.
PGEN,Precigen Inc
PGNY,Progyny Inc
PGR,Progressive Corporation
PGRE,Paramount Group Inc
PGTI,PGT Innovations Inc
PH,Parker-Hannifin
PHAT,Phathom Pharmaceuticals Inc
PHM,PulteGroup
PHR,Phreesia Inc
PI,Impinj Inc
PIII,P3 Health Partners Inc
PIPR,Piper Sandler Co`s
PJT,PJT Partners Inc
PKBK,Parke Bancorp Inc
PKE,Park Aerospace Corp
PKG,Packaging Corporation of America
PKI,PerkinElmer
PL,Planet Labs PBC
PLAB,"Photronics, Inc."
PLAY,Dave & Buster`s Entertainment Inc
PLBY,PLBY Group Inc
PLCE,Childrens Place Inc
PLD,Prologis
PLL,Piedmont Lithium Inc
PLM,Polymet Mining Corp
PLMR,Palomar Holdings Inc
PLOW,Douglas Dynamics Inc
PLPC,Preformed Line Products Co.
PLUS,ePlus Inc
PLXS,Plexus Corp.
PLYM,Plymouth Industrial Reit Inc
PM,Philip Morris International
PMT,Pennymac Mortgage Investment Trust
PMVP,PMV Pharmaceuticals Inc
PNC,PNC Financial Services
PNM,PNM Resources Inc
PNR,Pentair
PNT,POINT Biopharma Global Inc
PNTG,Pennant Group Inc
PNW,Pinnacle West Capital
POOL,Pool Corporation
POR,Portland General Electric Co
POWI,Power Integrations Inc.
POWL,"Powell Industries, Inc."
POWW,AMMO Inc
PPBI,"Pacific Premier Bancorp, Inc."
PPG,PPG Industries
PPL,PPL
PR,Permian Resources Corp
PRA,Proassurance Corporation
PRAA,PRA Group Inc
PRAX,Praxis Precision Medicines Inc
PRCH,Porch Group Inc
PRCT,Procept BioRobotics Corp
PRDO,Perdoceo Education Corporation
PRDS,Pardes Biosciences Inc
PRFT,Perficient Inc.
PRG,PROG Holdings Inc
PRGS,Progress Software Corp.
PRIM,Primoris Services Corp
PRK,Park National Corp.
PRLB,Proto Labs Inc
PRM,Perimeter Solutions SA
PRME,Prime Medicine Inc
PRMW,Primo Water Corporation
PRO,Pros Holdings Inc
PRPL,Purple Innovation Inc
PRTA,Prothena Corporation plc
PRTH,Priority Technology Holdings Inc
PRTS,CarParts.com Inc
PRU,Prudential Financial
PRVA,Privia Health Group Inc
PSA,Public Storage
PSFE,Paysafe Limited
PSMT,Pricesmart Inc.
PSN,Parsons Corp
PSTL,Postal Realty Trust Inc
PSX,Phillips 66
PTC,PTC
PTCT,PTC Therapeutics Inc
PTEN,Patterson-UTI Energy Inc
PTGX,Protagonist Therapeutics Inc
PTLO,Portillos Inc
PTRA,Proterra Inc
PTSI,"P.A.M. Transportation Services, Inc."
PTVE,Pactiv Evergreen Inc
PUBM,PubMatic Inc
PUMP,ProPetro Holding Corp
PVBC,Provident Bancorp Inc
PVH,PVH
PWP,Perella Weinberg Partners
PWR,Quanta Services
PWSC,PowerSchool Holdings Inc
PXD,Pioneer Natural Resources
PYPL,PayPal
PZZA,"Papa John`s International, Inc."
QCOM,Qualcomm
QCRH,"QCR Holding, Inc."
QLYS,Qualys Inc
QNST,QuinStreet Inc
QRTEA,Qurate Retail Inc
QRVO,Qorvo
QSI,Quantum-Si Incorporated
QTRX,Quanterix Corp
QTWO,Q2 Holdings Inc
QUAD,Quad/Graphics Inc
QUOT,Quotient Technology Inc
RAD,Rite Aid Corp.
RADI,Radius Global Infrastructure Inc
RAMP,LiveRamp Holdings Inc
RAPT,RAPT Therapeutics Inc
RBB,RBB Bancorp
RBBN,Ribbon Communications Inc
RBC,RBC Bearings Inc.
RBCAA,"Republic Bancorp, Inc. (KY)"
RBOT,Vicarious Surgical Inc
RC,Ready Capital Corp
RCKT,Rocket Pharmaceuticals Inc
RCKY,"Rocky Brands, Inc"
RCL,Royal Caribbean Group
RCM,R1 RCM Inc.
RCUS,Arcus Biosciences Inc
RDFN,Redfin Corp
RDN,"Radian Group, Inc."
RDNT,Radnet Inc
RDVT,Red Violet Inc
RDW,Redwire Corporation
RE,Everest Re
REAL,Therealreal Inc
REFI,Chicago Atlantic Real Estate Finance Inc
REG,Regency Centers
REGN,Regeneron Pharmaceuticals
REI,Ring Energy Inc
RELY,Remitly Global Inc
RENT,Rent the Runway Inc
REPL,Replimune Group Inc
REPX,Riley Exploration Permian Inc.
RES,"RPC, Inc."
RETA,Reata Pharmaceuticals Inc
REVG,REV Group Inc
REX,REX American Resources Corp
REZI,Resideo Technologies Inc
RF,Regions Financial Corporation
RGNX,Regenxbio Inc
RGP,Resources Connection Inc
RGR,"Sturm, Ruger & Co., Inc."
RGTI,Rigetti Computing Inc
RHI,Robert Half International
RHP,Ryman Hospitality Properties Inc
RICK,RCI Hospitality Holdings Inc
RIDE,Lordstown Motors Corp.
RIGL,Rigel Pharmaceuticals
RILY,B. Riley Financial Inc
RIOT,Riot Platforms Inc
RJF,Raymond James Financial
RKLB,Rocket Lab USA Inc
RL,Ralph Lauren Corporation
RLAY,Relay Therapeutics Inc
RLGT,"Radiant Logistics, Inc."
RLI,RLI Corp.
RLJ,RLJ Lodging Trust
RLMD,Relmada Therapeutics Inc
RLYB,Rallybio Corp
RM,Regional Management Corp
RMAX,RE/MAX Holdings Inc
RMBL,RumbleON Inc
RMBS,Rambus Inc.
RMD,ResMed
RMNI,Rimini Street Inc.
RMR,RMR Group Inc (The)
RNA,Avidity Biosciences Inc
RNST,Renasant Corp.
ROAD,Construction Partners Inc
ROCC,Ranger Oil Corp
ROCK,Gibraltar Industries Inc.
ROG,Rogers Corp.
ROIC,Retail Opportunity Investments Corp
ROK,Rockwell Automation
ROL,Rollins
ROOT,Root Inc
ROP,Roper Technologies
ROST,Ross Stores
ROVR,Rover Group Inc
RPAY,Repay Holdings Corporation
RPD,Rapid7 Inc
RPT,RPT Realty
RRBI,Red River Bancshares Inc
RRR,Red Rock Resorts Inc
RSG,Republic Services
RSI,Rush Street Interactive Inc
RSVR,Reservoir Media Inc
RTL,Necessity Retail REIT Inc (The)
RTX,Raytheon Technologies
RUSHA,Rush Enterprises Inc
RUSHB,Rush Enterprises Inc
RVLV,Revolve Group Inc
RVMD,Revolution Medicines Inc
RVNC,Revance Therapeutics Inc
RWT,Redwood Trust Inc.
RXDX,Prometheus Biosciences Inc
RXRX,Recursion Pharmaceuticals Inc
RXST,RxSight Inc
RXT,Rackspace Technology Inc
RYAM,Rayonier Advanced Materials Inc
RYI,Ryerson Holding Corp.
SABR,Sabre Corp
SAFE,Safehold Inc.
SAFT,"Safety Insurance Group, Inc."
SAGE,Sage Therapeutics Inc
SAH,"Sonic Automotive, Inc."
SAIA,Saia Inc.
SAMG,Silvercrest Asset Management Group Inc
SANA,Sana Biotechnology Inc
SANM,Sanmina Corp
SASR,Sandy Spring Bancorp
SATS,EchoStar Corp
SAVA,Cassava Sciences Inc
SAVE,Spirit Airlines Inc
SB,"Safe Bulkers, Inc"
SBAC,SBA Communications
SBCF,Seacoast Banking Corp. Of Florida
SBGI,Sinclair Inc
SBH,Sally Beauty Holdings Inc
SBOW,SilverBow Resources Inc
SBRA,Sabra Healthcare REIT Inc
SBSI,Southside Bancshares Inc
SBT,Sterling Bancorp Inc
SBUX,Starbucks
SCHL,Scholastic Corp.
SCHN,"Schnitzer Steel Industries, Inc."
SCHW,Charles Schwab Corporation
SCL,Stepan Co.
SCS,"Steelcase, Inc."
SCSC,"Scansource, Inc."
SCU,Sculptor Capital Management Inc
SCVL,"Shoe Carnival, Inc."
SCWX,SecureWorks Corp
SD,Sandridge Energy Inc
SDGR,Schrodinger Inc
SEAS,SeaWorld Entertainment Inc
SEAT,Vivid Seats Inc
SEE,Sealed Air
SEER,Seer Inc
SEM,Select Medical Holdings Corporation
SENEA,Seneca Foods Corp.
SENS,Senseonics Holdings Inc
SFBS,ServisFirst Bancshares Inc
SFIX,Stitch Fix Inc
SFL,SFL Corporation Ltd
SFM,Sprouts Farmers Market Inc
SFNC,Simmons First National Corp.
SFST,Southern First Bancshares Inc
SG,Sweetgreen Inc
SGC,Superior Group of Companies Inc..
SGH,SMART Global Holdings Inc
SGHT,Sight Sciences Inc
SGMO,Sangamo Therapeutics Inc
SGRY,Surgery Partners Inc
SHAK,Shake Shack Inc
SHBI,Shore Bancshares Inc.
SHCR,Sharecare Inc
SHEN,Shenandoah Telecommunications Co.
SHLS,Shoals Technologies Group Inc
SHO,Sunstone Hotel Investors Inc
SHOO,Steven Madden Ltd.
SHW,Sherwin-Williams
SHYF,Shyft Group Inc (The)
SIBN,SI-BONE Inc
SIG,Signet Jewelers Ltd
SIGA,SIGA Technologies Inc
SIGI,Selective Insurance Group Inc.
SILK,Silk Road Medical Inc
SITC,SITE Centers Corp
SITM,SiTime Corp
SIVB,SVB Financial
SJM,JM Smucker
SJW,SJW Group
SKIL,Skillsoft Corp.
SKIN,Beauty Health Company (The)
SKLZ,Skillz Inc
SKT,"Tanger Factory Outlet Centers, Inc."
SKWD,Skyward Specialty Insurance Group Inc
SKY,Skyline Champion Corp
SKYT,SkyWater Technology Inc
SKYW,Skywest Inc.
SLAB,Silicon Laboratories Inc
SLB,Schlumberger
SLCA,U.S. Silica Holdings Inc
SLDP,Solid Power Inc
SLGC,SomaLogic Inc
SLP,Simulations Plus Inc.
SLQT,SelectQuote Inc
SLVM,Sylvamo Corp
SM,SM Energy Co
SMBC,"Southern Missouri Bancorp, Inc."
SMBK,SmartFinancial Inc
SMCI,Super Micro Computer Inc
SMMF,Summit Financial Group Inc
SMP,"Standard Motor Products, Inc."
SMPL,Simply Good Foods Co
SMR,NuScale Power Corporation
SMRT,SmartRent Inc
SMTC,Semtech Corp.
SNA,Snap-on
SNBR,Sleep Number Corp
SNCE,Science 37 Holdings Inc
SNCY,Sun Country Airlines Holdings Inc
SNDX,Syndax Pharmaceuticals Inc
SNEX,StoneX Group Inc
SNPO,Snap One Holdings Corp
SNPS,Synopsys
SO,Southern Company
SOI,Solaris Oilfield Infrastructure Inc
SOND,Sonder Holdings Inc
SONO,Sonos Inc
SOVO,Sovos Brands Inc
SP,SP Plus Corp
SPCE,Virgin Galactic Holdings Inc
SPFI,South Plains Financial Inc
SPG,Simon Property Group
SPGI,S&P Global
SPHR,Sphere Entertainment Co
SPIR,Spire Global Inc
SPNS,Sapiens International Corp NV
SPNT,SiriusPoint Ltd
SPSC,SPS Commerce Inc.
SPT,Sprout Social Inc
SPTN,SpartanNash Co
SPWH,Sportsman`s Warehouse Holdings Inc
SPWR,Sunpower Corp
SPXC,SPX Technologies Inc
SPY, s&p500
SQSP,Squarespace Inc
SR,Spire Inc.
SRCE,1st Source Corp.
SRDX,"Surmodics, Inc."
SRE,Sempra Energy
SRI,Stoneridge Inc.
SSB,SouthState Corporation
SSD,"Simpson Manufacturing Co., Inc."
SSP,E.W. Scripps Co.
SSTI,SoundThinking Inc
SSTK,Shutterstock Inc
STAA,Staar Surgical Co.
STAG,STAG Industrial Inc
STBA,"S & T Bancorp, Inc."
STC,Stewart Information Services Corp.
STE,Steris
STEL,Stellar Bancorp Inc
STEM,Stem Inc
STEP,StepStone Group Inc
STER,Sterling Check Corp
STGW,Stagwell Inc
STHO,Star Holdings
STKL,"Sunopta, Inc."
STKS,ONE Group Hospitality Inc
STNE,StoneCo Ltd
STNG,Scorpio Tankers Inc
STOK,Stoke Therapeutics Inc
STR,Sitio Royalties Corp
STRA,Strategic Education Inc
STRC,Sarcos Technology and Robotics Corporation
STRL,Sterling Infrastructure Inc
STRO,Sutro Biopharma Inc
STRS,Stratus Properties Inc.
STT,State Street Corporation
STX,Seagate Technology
STZ,Constellation Brands
SUM,Summit Materials Inc
SUNL,Sunlight Financial Holdings Inc
SUPN,Supernus Pharmaceuticals Inc
SVC,Service Properties Trust
SWAV,ShockWave Medical Inc
SWBI,Smith & Wesson Brands Inc
SWI,SolarWinds Corp
SWIM,Latham Group Inc
SWK,Stanley Black & Decker
SWKH,Swk Holdings Corp
SWKS,Skyworks Solutions
SWTX,SpringWorks Therapeutics Inc
SWX,Southwest Gas Holdings Inc
SXC,SunCoke Energy Inc
SXI,Standex International Corp.
SXT,Sensient Technologies Corp.
SYBT,Stock Yards Bancorp Inc
SYF,Synchrony Financial
SYK,Stryker Corporation
SYNA,Synaptics Inc
SYY,Sysco
T,AT&T
TALO,Talos Energy Inc
TALS,Talaris Therapeutics Inc
TAP,Molson Coors Beverage Company
TARS,Tarsus Pharmaceuticals Inc
TBBK,Bancorp Inc. (The)
TBI,TrueBlue Inc
TBPH,Theravance Biopharma Inc
TCBI,"Texas Capital Bancshares, Inc."
TCBK,Trico Bancshares
TCBX,Third Coast Bancshares Inc
TCI,"Transcontinental Realty Investors, Inc."
TCMD,Tactile Systems Technology Inc
TCS,Container Store Group Inc
TCX,"Tucows, Inc."
TDG,TransDigm Group
TDS,"Telephone And Data Systems, Inc."
TDUP,ThredUp Inc
TDW,Tidewater Inc.
TDY,Teledyne Technologies
TECH,Bio-Techne
TEL,TE Connectivity
TELL,Tellurian Inc
TENB,Tenable Holdings Inc
TER,Teradyne
TEX,Terex Corp.
TFC,Truist Financial
TFIN,Triumph Financial Inc
TFM,Fresh Market Holdings Inc (The)
TFX,Teleflex
TG,Tredegar Corp.
TGAN,Transphorm Inc
TGH,Textainer Group Holdings Limited
TGI,Triumph Group Inc.
TGNA,TEGNA Inc
TGT,Target Corporation
TGTX,TG Therapeutics Inc
TH,Target Hospitality Corp
THFF,First Financial Corp. - Indiana
THR,Thermon Group Holdings Inc
THRD,Third Harmonic Bio Inc
THRM,Gentherm Inc
THRN,Thorne Healthtech Inc
THRX,Theseus Pharmaceuticals Inc
THRY,Thryv Holdings Inc
THS,Treehouse Foods Inc
TIL,Instil Bio Inc
TILE,Interface Inc.
TIPT,Tiptree Inc
TITN,Titan Machinery Inc
TJX,TJX Companies
TK,Teekay Corp
TKNO,Alpha Teknova Inc
TLS,Telos Corp
TLYS,Tillys Inc
TMCI,Treace Medical Concepts Inc
TMDX,Transmedics Group Inc
TMHC,Taylor Morrison Home Corp.
TMO,Thermo Fisher Scientific
TMP,Tompkins Financial Corp
TMST,TimkenSteel Corp
TMUS,T-Mobile US
TNC,Tennant Co.
TNET,TriNet Group Inc
TNGX,Tango Therapeutics Inc
TNK,Teekay Tankers Ltd
TNYA,Tenaya Therapeutics Inc
TOI,Oncology Institute Inc (The)
TOWN,Townebank Portsmouth VA
TPB,Turning Point Brands Inc
TPC,Tutor Perini Corp
TPH,Tri Pointe Homes Inc.
TPIC,TPI Composites Inc
TPR,Tapestry
TR,"Tootsie Roll Industries, Inc."
TRC,Tejon Ranch Co.
TREE,LendingTree Inc.
TRMB,Trimble
TRMK,Trustmark Corp.
TRN,"Trinity Industries, Inc."
TRNO,Terreno Realty Corp
TRNS,Transcat Inc
TROW,T. Rowe Price
TROX,Tronox Holdings plc
TRS,Trimas Corporation
TRST,Trustco Bank Corp.
TRTN,Triton International Ltd
TRTX,TPG RE Finance Trust Inc
TRUP,Trupanion Inc
TRV,The Travelers Companies
TSCO,Tractor Supply Company
TSE,Trinseo PLC
TSLA,Tesla
TSN,Tyson Foods
TSP,TuSimple Holdings Inc
TSVT,2seventy bio Inc
TT,Trane Technologies
TTCF,Tattooed Chef Inc
TTEC,TTEC Holdings Inc
TTGT,Techtarget Inc.
TTI,"Tetra Technologies, Inc."
TTMI,TTM Technologies Inc
TTSH,Tile Shop Hldgs Inc
TTWO,Take-Two Interactive
TUP,Tupperware Brands Corporation
TVTX,Travere Therapeutics Inc
TWI,"Titan International, Inc."
TWNK,Hostess Brands Inc
TWO,Two Harbors Investment Corp
TWOU,2U Inc
TWST,Twist Bioscience Corp
TWTR,Twitter
TXN,Texas Instruments
TXRH,Texas Roadhouse Inc
TXT,Textron
TYL,Tyler Technologies
TYRA,Tyra Biosciences Inc
UA,Under Armour (Class C)
UAA,Under Armour (Class A)
UAL,United Airlines
UBA,"Urstadt Biddle Properties, Inc."
UBSI,"United Bankshares, Inc."
UCBI,United Community Banks Inc
UCTT,Ultra Clean Hldgs Inc
UDMY,Udemy Inc
UDR,UDR
UE,Urban Edge Properties
UEC,Uranium Energy Corp
UEIC,Universal Electronics Inc.
UFCS,United Fire Group Inc
UFI,"UNIFI, Inc."
UFPI,UFP Industries Inc
UFPT,UFP Technologies Inc.
UHS,Universal Health Services
UHT,Universal Health Realty Income Trust
UIS,Unisys Corp.
ULCC,Frontier Group Holdings Inc
ULH,Universal Logistics Holdings Inc
ULTA,Ulta Beauty
UMBF,UMB Financial Corp.
UMH,UMH Properties Inc
UNF,Unifirst Corp.
UNFI,United Natural Foods Inc.
UNH,UnitedHealth Group
UNIT,Uniti Group Inc
UNP,Union Pacific
UNTY,"Unity Bancorp, Inc."
UONE,Urban One Inc
UONEK,Urban One Inc
UP,Wheels Up Experience Inc
UPBD,Upbound Group Inc
UPLD,Upland Software Inc
UPS,United Parcel Service
UPWK,Upwork Inc
URBN,"Urban Outfitters, Inc."
URG,Ur-Energy Inc.
URI,United Rentals
USB,U.S. Bancorp
USCB,USCB Financial Holdings Inc
USLM,United States Lime & Minerals Inc.
USM,United States Cellular Corporation
USNA,Usana Health Sciences Inc
USPH,"U.S. Physical Therapy, Inc."
UTI,Universal Technical Institute Inc
UTL,Unitil Corp.
UTMD,"Utah Medical Products, Inc."
UTZ,Utz Brands Inc
UUUU,Energy Fuels Inc
UVE,Universal Insurance Holdings Inc
UVSP,Univest Financial Corp
UVV,Universal Corp.
V,Visa
VAL,Valaris Ltd
VALU,"Value Line, Inc."
VBIV,VBI Vaccines Inc.
VBTX,Veritex Holdings Inc
VC,Visteon Corp.
VCEL,Vericel Corp
VCSA,Vacasa Inc
VCTR,Victory Capital Holdings Inc
VCYT,Veracyte Inc
VECO,Veeco Instruments Inc
VEL,Velocity Financial Inc
VERA,Vera Therapeutics Inc
VERI,Veritone Inc
VERU,Veru Inc
VERV,Verve Therapeutics Inc
VFC,VF Corporation
VGR,Vector Group Ltd
VHI,"Valhi, Inc."
VIA,Via Renewables Inc
VIAC,ViacomCBS
VIAV,Viavi Solutions Inc
VICR,Vicor Corp.
VIEW,View Inc.
VIR,Vir Biotechnology Inc
VITL,Vital Farms Inc
VLD,Velo3D Inc
VLGEA,"Village Super Market, Inc."
VLO,Valero Energy
VLY,Valley National Bancorp
VMC,Vulcan Materials
VMEO,Vimeo Inc
VNDA,Vanda Pharmaceuticals Inc
VNO,Vornado Realty Trust
VPG,Vishay Precision Group Inc
VRAY,ViewRay Inc.
VRDN,Viridian Therapeutics Inc
VRE,Veris Residential Inc
VREX,Varex Imaging Corp
VRNS,Varonis Systems Inc
VRNT,"Verint Systems, Inc."
VRRM,Verra Mobility Corp
VRSK,Verisk Analytics
VRSN,Verisign
VRTS,Virtus Investment Partners Inc
VRTV,Veritiv Corp
VRTX,Vertex Pharmaceuticals
VSEC,VSE Corp.
VSH,"Vishay Intertechnology, Inc."
VSTO,Vista Outdoor Inc
VTGN,VistaGen Therapeutics Inc
VTLE,Vital Energy Inc.
VTNR,Vertex Energy Inc
VTOL,Bristow Group Inc.
VTR,Ventas
VTRS,Viatris
VTYX,Ventyx Biosciences Inc
VUZI,Vuzix Corporation
VVI,Viad Corp.
VVX,V2X Inc
VWE,Vintage Wine Estates Inc
VXRT,Vaxart Inc
VZ,Verizon Communications
VZIO,VIZIO Holding Corp
WAB,Wabtec
WABC,Westamerica Bancorporation
WAFD,Washington Federal Inc.
WASH,"Washington Trust Bancorp, Inc."
WAT,Waters Corporation
WBA,Walgreens Boots Alliance
WD,Walker & Dunlop Inc
WDC,Western Digital
WDFC,WD-40 Co.
WEAV,Weave Communications Inc
WEC,WEC Energy Group
WELL,Welltower
WERN,"Werner Enterprises, Inc."
WEYS,"Weyco Group, Inc"
WFC,Wells Fargo
WFRD,Weatherford International plc
WGO,"Winnebago Industries, Inc."
WGS,GeneDx Holdings Corp
WHD,Cactus Inc
WHR,Whirlpool Corporation
WINA,Winmark Corporation
WING,Wingstop Inc
WIRE,Encore Wire Corp.
WISH,ContextLogic Inc
WK,Workiva Inc
WKHS,Workhorse Group Inc
WLDN,Willdan Group Inc
WLLAW,Chord Energy Corp
WLLBW,Chord Energy Corp
WLTW,Willis Towers Watson
WLY,John Wiley & Sons Inc.
WM,Waste Management
WMB,Williams Companies
WMK,"Weis Markets, Inc."
WMT,Walmart
WNC,Wabash National Corp.
WOR,"Worthington Industries, Inc."
WOW,WideOpenWest Inc
WRB,W. R. Berkley Corporation
WRBY,Warby Parker Inc
WRK,WestRock
WRLD,World Acceptance Corp.
WSBC,"Wesbanco, Inc."
WSBF,Waterstone Financial Inc
WSFS,WSFS Financial Corp.
WSR,Whitestone REIT
WST,West Pharmaceutical Services
WT,WisdomTree Inc
WTBA,West Bancorporation
WTI,W & T Offshore Inc
WTS,"Watts Water Technologies, Inc."
WTTR,Select Water Solutions Inc
WU,Western Union
WULF,TeraWulf Inc
WW,WW International Inc
WWW,"Wolverine World Wide, Inc."
WY,Weyerhaeuser
WYNN,Wynn Resorts
XEL,Xcel Energy
XERS,Xeris Biopharma Holdings Inc
XHR,Xenia Hotels & Resorts Inc
XLNX,Xilinx
XMTR,Xometry Inc
XNCR,Xencor Inc
XOM,ExxonMobil
XOS,Xos Inc
XPEL,XPEL Inc
XPER,Xperi Inc
XPOF,Xponential Fitness Inc
XPRO,Expro Group Holdings N.V.
XRAY,Dentsply Sirona
XRX,Xerox Holdings Corp
XXII,22nd Century Group Inc
XYL,Xylem
YELP,Yelp Inc
YEXT,Yext Inc
YMAB,Y-Mabs Therapeutics Inc
YORW,York Water Co.
YOU,Clear Secure Inc
YUM,Yum! Brands
ZBH,Zimmer Biomet
ZBRA,Zebra Technologies
ZD,Ziff Davis Inc
ZETA,Zeta Global Holdings Corp
ZEUS,Olympic Steel Inc.
ZEV,Lightning eMotors Inc
ZGN,Ermenegildo Zegna N.V.
ZIMV,ZimVie Inc
ZION,Zions Bancorp
ZIP,ZipRecruiter Inc
ZNTL,Zentalis Pharmaceuticals Inc
ZTS,Zoetis
ZUMZ,Zumiez Inc
ZUO,Zuora Inc
ZWS,Zurn Elkay Water Solutions Corp
ZYXI,Zynex Inc
TRUE,Truecar Inc